{"cameraMode":{"drawMode":0,"name":"Shaded","section":"Shading Mode"},"sceneLighting":true,"audioPlay":false,"sceneViewState":{"showFog":true,"showMaterialUpdate":true,"showSkybox":true,"showFlares":true,"showImageEffects":true,"showParticleSystems":true},"in2DMode":false,"pivot":{"x":-2.9759864807128908,"y":-10.437066078186036,"z":0.06283378601074219},"rotation":{"x":-0.03552764654159546,"y":-0.960209310054779,"z":0.23650644719600678,"w":-0.1442391574382782},"size":11.54994010925293,"orthographic":false}